Date,Campaign,Channel,Impressions,Clicks,Spend,Conversions,Revenue
2026-01-01,Summer Sale,Google Ads,120000,4200,1850.50,180,10800.00
2026-01-01,Summer Sale,Meta,98000,3100,1420.00,142,8100.00
2026-01-01,Brand Awareness,Google Ads,210000,2600,1200.25,54,3240.00
2026-01-01,Retargeting,Meta,45000,3900,980.75,210,14700.00
2026-01-01,Newsletter Promo,Email,32000,5400,150.00,320,19200.00
2026-01-02,Summer Sale,Google Ads,115000,4050,1790.00,171,10260.00
2026-01-02,Summer Sale,Meta,101000,3250,1500.00,150,8550.00
2026-01-02,Brand Awareness,LinkedIn,88000,900,2100.00,22,2640.00
2026-01-02,Retargeting,Meta,47000,4100,1030.50,225,15750.00
2026-01-02,Newsletter Promo,Email,34000,5600,160.00,340,20400.00
2026-01-03,Summer Sale,TikTok,175000,6200,2200.00,140,7000.00
2026-01-03,Brand Awareness,Google Ads,205000,2500,1180.00,50,3000.00
2026-01-03,Retargeting,Google Ads,52000,3400,1120.00,198,13860.00
2026-01-03,Winter Teaser,Meta,60000,1800,760.00,60,3600.00
2026-01-03,Newsletter Promo,Email,35500,5900,170.00,360,21600.00
2026-01-04,Summer Sale,TikTok,182000,6500,2320.00,150,7500.00
2026-01-04,Brand Awareness,LinkedIn,91000,950,2200.00,25,3000.00
2026-01-04,Retargeting,Meta,49000,4250,1075.00,235,16450.00
2026-01-04,Winter Teaser,Google Ads,72000,2100,910.00,72,4320.00
2026-01-04,Newsletter Promo,Email,36000,6000,175.00,375,22500.00
